dormancy_class,address_count,balance_btc,gross_volume_btc
active,2087322,6882390.57793708,0.00000000
recent,9566325,8174916.15962863,0.00000000
dormant_1y,13950186,973064.21157616,0.00000000
dormant_3y,8900254,639782.73235347,0.00000000
ancient_5y,21706605,1644536.31881909,0.00000000
