reuse_class,address_count,balance_btc,received_btc
single_use,669736601,9383516.98002530,791200312.93827295
reused,37362977,10536983.49503688,2150088910.17465639
