script_type,utxo_count,balance_btc,share_of_total_btc
multisig,2621387,70.53599269,0.00000352
other,87868,2617.95851130,0.00013068
p2pk,44613,1715819.53279450,0.08564881
p2pkh,44531480,4638649.03743722,0.23154810
p2sh,12201067,3949860.46876048,0.19716575
p2tr,54376439,203812.22668205,0.01017372
p2wpkh,48643076,8164785.01574356,0.40756274
p2wsh,2844954,1357583.25169112,0.06776668
