n_unspent_utxos_bucket,address_count,balance_btc,share_of_address_balance
1,47808232,4868114.62898446,0.24437712
2,3496008,2756193.43415451,0.13835965
3-5,2458366,4878747.63803083,0.24491090
6-10,989652,1757093.80508882,0.08820530
11-100,1168758,3992499.62119528,0.20042165
>100,127910,1667851.34760828,0.08372537
